epoch,train_loss,train_accuracy,val_loss,val_accuracy,epoch_seconds,head_lr,backbone_lr
1,0.7314993341763815,0.5897435897435898,0.6939412885242038,0.5,2.1741096000000653,0.001,0.001
2,0.36782342568039894,0.8717948717948718,0.6996549500359429,0.5,2.146798606999937,0.0009755282581475768,0.0009755282581475768
3,0.5271310737499824,0.7884615384615384,0.6938696437411838,0.5,2.10390452799993,0.0009045084971874736,0.0009045084971874736
4,0.34916080687290585,0.8653846153846154,0.694859418604109,0.5,2.121553689000166,0.0007938926261462366,0.0007938926261462366
5,0.22625988339766478,0.9294871794871795,0.7147662573390536,0.5,2.147845137000104,0.0006545084971874737,0.0006545084971874737
6,0.3009679412994629,0.8717948717948718,0.5030742122067345,0.8611111111111112,2.1028505889998996,0.0005,0.0005
7,0.21871362187159368,0.9102564102564102,0.2877674318022198,0.9722222222222222,2.13351129900002,0.00034549150281252633,0.00034549150281252633
8,0.2177472513837692,0.9102564102564102,0.05723884660336706,1.0,2.1492844110000533,0.0002061073738537635,0.0002061073738537635
9,0.20249716020547426,0.9358974358974359,0.017883508155743282,1.0,2.142078786999946,9.549150281252634e-05,9.549150281252634e-05
10,0.16704994631119263,0.9294871794871795,0.007737455682622062,1.0,2.1025814849999733,2.4471741852423235e-05,2.4471741852423235e-05
